Word,Counts
,
startseq,158914
endseq,158914
in,83520
the,62984
on,45686
and,44299
man,42626
is,41117
of,38844
with,36208
woman,22213
two,21680
are,20196
to,17627
people,17338
at,16262
an,15884
wearing,15714
shirt,14342
white,13290
young,13219
black,12391
while,11711
his,11495
blue,11390
red,10278
girl,9656
sitting,9620
men,9499
boy,9430
standing,9114
dog,9092
playing,8622
street,8012
group,7853
down,7767
front,7610
her,7414
walking,7339
holding,6987
one,6517
water,5975
three,5796
by,5787
women,5276
green,5273
up,5220
looking,5120
child,5080
as,5028
for,4899
little,4796
large,4759
outside,4702
brown,4606
yellow,4587
person,4486
children,4455
through,4301
hat,4048
from,4041
their,4037
other,3986
ball,3914
small,3781
next,3752
into,3731
over,3703
some,3547
dressed,3512
out,3454
another,3373
running,3369
building,3360
jacket,3348
riding,3317
around,3134
orange,3108
near,3016
field,2986
crowd,2966
stands,2935
beach,2908
background,2882
pink,2878
behind,2832
sidewalk,2812
hair,2777
jumping,2737
table,2683
girls,2679
snow,2627
sits,2612
grass,2600
bike,2540
that,2498
camera,2470
looks,2465
top,2451
air,2404
asian,2382
dogs,2354
stand,2341
wall,2332
city,2327
player,2271
older,2269
off,2268
four,2246
has,2198
gray,2187
working,2178
soccer,2152
blond,2147
dress,2138
something,2127
it,2119
several,2105
talking,2072
shorts,2069
park,2052
lady,2046
him,2022
guitar,2002
picture,1994
walks,1988
pants,1986
boys,1976
hand,1965
smiling,1953
jeans,1918
plays,1907
play,1896
along,1871
dark,1834
road,1788
together,1785
carrying,1784
game,1784
holds,1777
car,1774
food,1761
bench,1753
them,1746
side,1735
walk,1711
long,1687
face,1672
baby,1669
there,1642
old,1625
glasses,1617
head,1617
stage,1614
sit,1588
back,1565
bicycle,1561
hands,1556
tree,1556
taking,1525
doing,1522
pool,1510
watching,1496
rock,1495
guy,1474
male,1474
each,1473
couple,1469
baseball,1456
area,1444
ground,1443
who,1437
dirt,1420
he,1409
female,1399
middle,1377
being,1373
race,1361
striped,1360
boat,1359
day,1349
performing,1342
jumps,1338
mouth,1333
look,1330
construction,1323
suit,1318
coat,1315
purple,1304
room,1303
across,1297
many,1290
sunglasses,1269
eating,1241
football,1240
under,1229
sign,1221
horse,1215
runs,1207
band,1201
kids,1193
haired,1173
sand,1162
using,1160
uniform,1159
microphone,1147
helmet,1146
reading,1144
its,1143
tennis,1136
or,1125
watch,1122
players,1114
workers,1109
be,1108
store,1094
toy,1087
watches,1081
floor,1078
all,1073
shirts,1071
wooden,1069
rides,1062
against,1053
mountain,1052
this,1049
train,1047
ocean,1045
window,1044
basketball,1042
during,1042
cap,1041
about,1034
work,1033
covered,1033
chair,1032
dancing,1018
elderly,1016
busy,1007
clothing,1002
bag,1001
team,996
climbing,994
waiting,993
getting,979
having,969
trees,968
swimming,964
outdoor,962
they,959
past,959
restaurant,950
colorful,946
making,941
posing,931
inside,926
singing,892
trying,888
skateboard,887
fence,887
five,883
tan,880
light,878
high,872
line,868
market,863
brick,855
ice,852
she,852
very,842
hats,842
big,839
ride,822
towards,818
sweater,815
colored,815
someone,814
beside,807
lake,799
jump,798
motorcycle,795
cart,793
truck,790
hill,788
open,787
surrounded,785
bright,784
cellphone,779
grassy,774
kitchen,772
laying,771
path,770
arms,767
outdoors,766
stick,761
book,757
track,754
body,754
clothes,749
vest,749
others,745
piece,743
umbrella,739
river,736
bus,734
swing,728
like,726
tank,725
outfit,711
shopping,697
night,691
worker,685
painting,681
above,680
trick,679
american,678
enjoying,677
uniforms,675
event,673
stone,671
snowy,670
hanging,662
run,661
guys,658
hard,657
metal,657
drinking,656
ready,654
full,653
paper,649
toddler,649
music,645
sleeping,642
african,637
adults,632
house,628
takes,627
arm,627
away,627
right,625
onto,624
shoes,622
backpack,613
going,613
shop,612
pole,612
phone,612
gathered,612
bridge,609
rocks,608
wave,605
set,605
dance,604
kid,603
both,602
smiles,601
after,599
family,599
photo,599
rope,597
hockey,596
board,592
leaning,591
steps,590
flowers,588
crowded,587
catch,585
what,584
subway,582
pose,582
left,579
lot,577
short,574
gear,569
preparing,566
cowboy,566
skirt,564
bar,562
have,560
shirtless,557
flag,555
sunny,553
which,552
racing,552
costume,551
fire,550
fishing,550
between,548
fountain,545
chairs,528
laughing,523
machine,522
number,521
corner,520
public,516
setting,515
wood,514
glass,512
instruments,511
volleyball,509
plaid,509
drink,509
frisbee,504
stairs,503
graffiti,503
appears,501
bags,500
adult,498
tall,495
plastic,495
couch,494
selling,491
concrete,491
police,489
seated,485
beautiful,484
sweatshirt,481
midair,474
ramp,472
forest,472
equipment,471
cooking,467
computer,466
scarf,466
does,464
slide,463
woods,463
putting,462
beard,460
object,459
view,459
edge,457
skateboarder,456
toward,456
pushing,455
sky,454
mountains,451
take,450
bed,449
ladies,447
boots,447
distance,447
nearby,445
throwing,443
pictures,442
rider,436
bikes,433
where,433
get,433
poses,433
aged,431
just,431
sun,430
jersey,429
buildings,429
door,427
audience,425
cigarette,425
performs,425
painted,424
playground,424
crossing,423
winter,423
filled,423
fish,421
pulling,419
eyes,415
vehicle,412
lawn,411
smoking,410
statue,409
parade,408
leaves,407
instrument,407
trail,407
party,406
rocky,403
driving,402
horses,401
school,401
station,400
works,399
cleaning,399
six,399
friends,398
lying,395
yard,394
cars,393
giving,392
few,392
safety,390
cutting,389
gentleman,389
beer,388
concert,383
cross,383
art,381
cream,381
apron,380
no,378
mother,375
gloves,374
net,373
smile,373
shore,372
carries,371
structure,370
martial,366
roof,366
showing,365
bottle,363
shoulder,363
hit,363
snowboarder,361
court,361
reads,360
fruit,360
hold,360
wet,360
jackets,360
perform,359
rodeo,356
drums,355
cup,355
suits,354
newspaper,354
surfer,353
box,352
drinks,351
costumes,350
vests,348
parked,347
bowling,346
facing,346
various,346
goggles,345
pointing,343
biker,343
display,343
sports,343
dock,343
onlookers,342
bunch,342
bull,342
dresses,341
practicing,341
home,340
spectators,340
prepares,339
bathing,339
teams,338
arts,338
students,337
talks,337
feet,336
flying,335
counter,335
go,335
listening,334
lined,334
mask,332
scene,332
swinging,332
flags,330
railing,330
paint,329
make,329
show,329
ladder,329
gold,329
bird,328
different,328
bucket,327
pile,326
vendor,325
parking,325
makes,325
rain,325
tent,324
wedding,324
indian,324
waves,323
coffee,322
staring,320
time,319
gather,319
speaking,319
before,319
tie,318
younger,317
skateboarding,316
grill,316
stop,315
blanket,315
cliff,313
swim,312
desk,312
leather,312
empty,311
basket,311
new,308
leans,307
flower,307
legs,306
match,306
kicking,306
attire,305
talk,305
sort,304
silver,303
bearded,303
foreground,302
purse,301
life,300
cement,299
overlooking,298
conversation,297
items,297
skier,297
same,297
leaps,296
lit,295
climbs,292
competition,291
bald,291
flip,288
bowl,288
animal,288
surfboard,288
way,286
writing,286
military,285
outfits,285
bicycles,285
business,285
kneeling,285
attempting,285
shot,285
bride,284
gets,283
musical,283
place,283
meal,283
tables,282
signs,282
rail,280
balloon,280
wears,279
can,279
bikini,277
screen,276
electric,276
alley,275
tries,275
site,274
stroller,274
chasing,273
streets,273
chinese,271
lap,271
surfing,270
vegetables,269
fighting,267
sings,266
says,265
kissing,265
helmets,265
gathering,265
wait,264
ski,264
blowing,262
musicians,261
platform,261
leg,261
sunset,260
hot,259
faces,259
gym,258
kick,258
christmas,258
brunette,257
traffic,257
cake,255
among,255
coming,254
scooter,253
balloons,253
alone,253
uses,253
trunks,253
artist,253
classroom,253
class,252
violin,252
resting,252
sandy,252
base,252
bubbles,251
diving,251
ledge,251
throw,251
huge,250
walkway,250
wooded,249
father,249
upside,248
males,248
garden,247
hiking,247
competing,247
well,246
teenage,246
course,246
swings,245
marathon,245
break,245
close,245
cafe,245
laptop,245
shows,245
wheel,244
waving,242
helping,241
skiing,241
meat,240
brightly,239
officer,239
foot,239
urban,239
opposing,238
passing,238
headphones,237
plate,236
town,236
pass,236
lights,236
made,236
collar,235
block,235
traditional,234
son,233
type,233
fun,233
sliding,233
skating,232
country,232
sandals,232
goal,231
held,231
karate,231
leaping,230
stadium,229
do,229
cat,228
golf,228
mirror,227
church,225
clear,225
performance,224
drum,224
waits,224
clown,224
doorway,223
happy,223
seen,222
photographer,222
tracks,221
hole,221
members,221
circle,220
toys,219
shallow,219
shoulders,219
ring,219
turn,218
coats,216
fixing,216
shovel,216
dirty,216
office,216
video,215
balls,215
digging,214
square,214
these,213
pier,213
sticks,211
dancers,211
attached,210
hugging,210
third,209
below,209
runner,208
leash,208
umbrellas,208
tattoo,208
sled,207
multicolored,207
makeup,206
mud,206
moving,206
desert,206
beige,206
sculpture,206
throws,205
neck,205
runners,205
stream,205
photograph,204
giant,204
accordion,204
enjoy,204
grocery,204
performer,204
trampoline,204
asleep,204
deep,203
straw,203
microscope,202
crying,202
cyclist,202
nose,202
seat,202
barefoot,202
climb,202
lab,201
catching,201
bat,201
reaching,201
not,201
eat,200
pond,200
row,200
washing,199
tire,199
relaxing,198
round,198
sleeved,197
himself,197
lays,197
telescope,197
produce,197
booth,197
skate,196
dinner,196
how,196
jogging,195
singer,195
windows,195
tricks,195
hoodie,195
gun,194
oriental,194
individuals,193
deck,193
sweeping,192
fight,192
musician,192
books,191
roller,191
attempts,191
canoe,191
underneath,191
catches,190
atop,190
golden,190
closed,190
cut,189
heads,189
heavy,189
matching,189
bicyclist,188
falling,187
pedestrians,187
friend,187
festival,186
pulled,186
officers,186
teeth,185
stuffed,185
center,185
fair,185
picnic,185
decorated,185
plants,184
fallen,183
pushes,183
khaki,183
end,183
chef,183
device,183
van,182
kind,182
drawing,182
see,182
muddy,181
splashing,181
mid,180
goes,180
cane,179
also,179
including,179
project,179
hula,179
marching,179
pair,178
lone,178
cloth,177
curly,177
wear,177
dances,177
wide,176
covering,176
eats,176
boats,175
wetsuit,175
taken,175
racket,175
jean,174
wrapped,174
crosswalk,174
lots,174
carnival,173
cold,173
whilst,173
obstacle,172
indoor,172
here,172
hooded,172
skinned,172
camouflage,172
backyard,172
daughter,171
females,171
tongue,171
hoop,171
blouse,170
low,170
paved,170
speaks,170
points,170
but,170
half,169
stunt,169
seven,169
style,168
tunnel,168
cheerleaders,168
kicks,167
checking,167
flies,167
teenagers,167
airplane,167
mural,166
opening,166
sea,166
picking,166
pouring,166
denim,166
robe,166
part,165
railroad,165
curb,165
local,165
gives,165
rugby,164
nice,164
help,164
bottom,163
trash,163
professional,163
pavement,163
balcony,162
button,162
multiple,162
kayak,161
hitting,161
rolling,161
sleeps,161
hose,161
motorcycles,161
groom,161
passes,161
fans,161
sleeve,161
infant,160
climber,160
guitars,160
colors,160
bandanna,160
gymnast,160
mat,159
surface,159
appear,159
log,159
slides,158
put,158
pot,158
navy,158
polo,158
move,158
cow,157
only,157
protective,157
presentation,156
shooting,156
drives,156
piano,156
balancing,156
touching,156
raised,155
dry,155
seems,155
overalls,155
laundry,154
living,154
pipe,154
direction,154
wrestling,153
landscape,151
prepare,151
luggage,151
slope,151
knee,151
image,150
puts,150
skis,149
sewing,149
inflatable,149
waterfall,149
poles,149
swims,149
dancer,148
walls,148
papers,147
post,147
puddle,147
fall,147
floating,147
enjoys,147
pulls,146
scaffolding,146
sport,146
bmx,146
referee,146
goalie,145
checkered,145
keyboard,145
goods,144
smoke,144
tractor,144
wheelchair,144
finger,144
wine,144
riders,143
banner,143
harness,143
garbage,143
paints,143
birds,143
kiss,142
gate,142
swimsuit,142
reaches,142
without,141
plane,141
chest,141
staircase,141
shaving,141
ear,141
floral,141
customers,140
stool,140
belt,140
ship,140
cone,140
pitcher,140
sale,140
snowboard,140
spray,140
saxophone,140
hay,139
juggling,139
fabric,139
lies,139
york,139
guitarist,139
hiker,139
driver,138
bending,138
army,138
tool,138
cyclists,138
club,138
soldier,137
examining,137
funny,137
hangs,137
rest,137
moves,137
thrown,136
closeup,136
sheet,136
opposite,136
themselves,136
either,136
arena,136
stares,136
conversing,136
bubble,135
formal,135
crew,135
shoe,135
puppy,135
guard,134
tube,134
shaped,134
chain,134
performers,134
ears,134
cloudy,134
shoveling,133
string,133
foreign,132
flight,132
bicyclists,132
hammer,132
surf,132
boxes,132
shade,131
raft,131
serving,131
waters,131
neon,131
biking,131
summer,130
santa,130
good,130
jerseys,130
drummer,130
bent,130
print,129
robes,129
shaking,129
podium,129
mustache,129
candy,129
steep,129
surrounding,129
hurdle,129
fingers,129
animals,129
underwater,128
racetrack,128
clean,128
polka,128
native,128
pajamas,128
blocks,128
acoustic,127
lane,127
palm,127
porch,127
tourists,127
towel,127
teacher,127
container,127
soldiers,126
bread,126
lunch,126
caught,126
plant,126
machinery,126
bottles,126
you,126
herself,125
escalator,125
suspended,125
bucking,125
shown,125
money,125
athletic,125
chases,124
use,124
hikers,124
practice,124
heels,124
pieces,123
cones,123
marketplace,123
sticking,123
first,123
tattoos,123
backpacks,123
garb,123
wagon,123
lift,123
museum,123
amusement,123
beam,122
intersection,122
eye,122
barbecue,122
motorbike,122
backwards,122
boxing,121
hospital,121
observing,121
caucasian,120
peace,120
fast,120
member,120
softball,120
haircut,120
swimmer,120
socks,119
trumpet,119
bars,119
color,119
frame,119
try,119
paddling,119
bikers,119
homeless,119
hallway,119
happily,119
japanese,118
individual,118
eastern,118
maroon,118
college,118
hood,118
laughs,118
tools,118
visible,118
raising,118
tops,118
skirts,117
jumpsuit,117
athlete,117
was,117
narrow,117
participating,117
puck,117
things,117
sheep,116
scuba,116
meeting,116
opponent,116
poster,115
celebrating,115
benches,115
laugh,115
model,115
rests,115
plaza,115
flowered,115
downtown,114
snowboarding,114
sets,114
teenager,114
backs,114
redheaded,113
necklace,113
helps,113
kneels,113
beverage,113
step,113
routine,113
advertisement,113
airborne,113
airport,113
german,113
sneakers,113
ponytail,113
headband,112
leading,112
naked,112
speech,112
computers,112
pull,112
warm,112
firetruck,112
crosses,111
carriage,111
patio,111
fenced,111
firefighters,111
ahead,111
mall,111
mohawk,110
grilling,110
squatting,110
gentlemen,109
sells,109
war,109
reflective,109
stripes,109
catcher,109
buying,108
wire,108
motocross,108
caps,108
broom,107
branch,107
teal,107
figure,107
weather,107
cobblestone,107
operating,107
baskets,107
space,107
motorcyclist,107
rink,106
courtyard,106
mound,106
been,106
cheering,106
student,106
gas,106
possibly,106
indoors,106
paddle,105
policeman,105
mom,105
brushing,104
repairing,104
so,104
mostly,104
smokes,104
welding,104
boardwalk,104
balding,104
forward,104
evening,104
magazine,104
action,104
clad,103
choir,103
tub,103
balance,103
nap,103
racer,103
position,102
smaller,102
barber,102
gravel,102
handstand,102
pizza,102
spinning,102
map,102
pitch,102
pan,102
blows,102
sporting,101
skateboards,101
newborn,101
fur,101
uniformed,101
garage,101
bank,101
cook,101
tray,101
biting,101
tag,100
item,100
attention,100
rainbow,100
tied,100
bass,100
saw,100
pick,100
sleeveless,100
fresh,100
sized,100
folding,100
neighborhood,100
eight,99
brush,99
compete,99
objects,99
sofa,99
sword,99
entrance,99
hits,99
carry,98
crossed,98
carpet,98
displaying,98
medical,98
orchestra,98
job,98
single,98
fly,97
lines,97
rowing,97
hang,97
knees,97
cards,97
pigeons,97
shadow,97
cricket,97
intently,97
stove,97
crane,97
ballet,97
lifting,96
if,96
skates,96
hall,96
studio,96
tee,96
lead,96
raises,96
library,96
turned,96
splashes,96
sell,96
passengers,95
star,95
liquid,95
microphones,95
bushes,95
great,95
wheels,95
amongst,95
vehicles,95
fruits,94
tents,94
pillow,94
rubber,94
crouches,94
castle,94
photos,94
song,94
start,94
wings,94
creek,94
cardboard,94
sing,93
outstretched,93
read,93
tackle,93
guns,93
knife,93
sharing,93
feeding,93
carving,93
skater,93
patterned,93
range,92
excited,92
security,92
protest,92
conference,92
handing,92
bathroom,92
stops,92
taxi,92
buckets,92
shoot,92
formation,92
ribbon,92
firemen,91
corn,91
pit,91
cover,91
stretching,91
youth,91
watched,91
second,91
attempt,91
heart,91
dishes,90
doors,90
lamp,90
fisherman,90
leaving,90
transportation,90
ropes,90
shepherd,90
teen,90
spread,90
headscarf,90
photographs,90
order,90
coach,90
stopped,90
cups,89
tile,89
birthday,89
backdrop,89
free,89
flops,89
blow,89
strange,89
ceiling,89
pretty,89
sink,89
pack,89
storefront,89
swimmers,89
directions,88
elephant,88
village,88
lay,88
bare,88
float,88
farm,88
plates,88
tattooed,88
waist,88
ceremony,88
married,87
artwork,87
land,87
overhead,87
case,87
rural,87
wading,87
beneath,87
bouquet,87
jewelry,87
apple,87
falls,87
dining,87
tv,87
chicken,86
dune,86
ethnic,86
greyhound,86
speed,86
jungle,86
photographed,86
parents,86
tourist,86
thumbs,86
called,86
derby,86
terrain,86
shops,85
suitcase,85
balances,85
apartment,85
jockey,85
horseback,85
cuts,85
groups,85
barrel,85
kayaking,84
carts,84
world,84
telephone,84
push,84
checks,84
collared,84
sides,84
unicycle,84
electronic,84
downhill,84
dreadlocks,84
reach,84
rough,84
vegetable,84
teaching,83
factory,83
bow,83
traveling,83
wheeled,83
doctor,83
gathers,83
training,83
knit,83
discussion,83
dot,83
exercise,83
converse,82
power,82
tower,82
donkey,82
fix,82
shovels,82
fancy,82
drawn,82
dimly,82
hillside,82
atv,82
barrier,81
trailer,81
crouching,81
observe,81
pottery,81
name,81
bear,81
still,81
upon,81
buy,81
slightly,81
athletes,81
fluffy,81
leads,80
petting,80
control,80
teammate,80
furry,80
leap,80
applying,80
live,80
gown,80
partially,80
steel,80
casual,80
us,80
stack,80
more,80
most,80
attending,80
pen,80
sprinkler,79
soda,79
kite,79
rug,79
form,79
candles,79
religious,79
straight,79
loading,79
hotel,78
mobile,78
turning,78
furniture,78
bath,78
broken,78
jet,78
clay,78
clouds,78
grinding,78
snack,78
shaved,78
engine,78
seats,78
tug,78
customer,77
act,77
races,77
dish,77
discussing,77
thin,77
billboard,77
wrestle,77
cleans,77
calf,77
protesters,77
doll,77
cooks,77
mixing,76
dusk,76
rainy,76
rows,76
flipping,76
camping,76
protesting,76
vendors,76
patient,76
rollerblades,76
card,76
fan,76
games,76
had,76
tight,75
clapping,75
motor,75
advertising,75
gymnasium,75
engaged,75
numbers,75
couples,75
bleachers,75
fencing,75
olympics,74
though,74
splash,74
paddles,74
sandwich,74
follows,74
placing,74
drive,74
fireman,74
similar,74
spoon,73
share,73
branches,73
finish,73
slacks,73
cheek,73
craft,73
inspecting,73
following,73
present,73
drill,73
dead,73
belly,73
starting,73
calm,73
gymnastics,73
duck,73
trunk,73
written,72
coloring,72
chase,72
bricks,72
cameras,72
trashcan,72
ornate,72
theater,72
tea,72
come,72
filling,72
dust,72
bends,72
hoops,72
examines,72
patch,71
covers,71
yoga,71
folded,71
cello,71
larger,71
crafts,71
flute,71
nighttime,71
amidst,71
television,71
kilt,71
spraying,71
hug,71
creating,71
tape,71
houses,70
gestures,70
weaving,70
fake,70
section,70
hugs,70
wind,70
glove,70
casually,70
tropical,70
cage,70
chalk,70
scenic,69
silhouette,69
firefighter,69
material,69
kisses,69
closely,69
batter,69
variety,69
laptops,69
check,69
point,68
whom,68
pins,68
masks,68
skiers,68
groceries,68
iron,68
story,68
listens,68
age,68
stroll,68
rally,68
done,67
stall,67
headed,67
carefully,67
placed,67
missing,67
far,67
shoreline,67
relax,67
crouched,67
coaster,67
chess,67
we,67
nature,67
viewing,67
beanie,67
overweight,67
moment,67
london,67
tires,67
opens,67
pale,67
umpire,67
dive,67
forehead,66
racers,66
loom,66
practices,66
circular,66
observes,66
pours,66
chatting,66
ages,66
rollerblading,66
messy,66
rapids,66
stare,66
lighting,66
scenery,66
puppies,66
seem,66
jumped,66
wheelie,66
gallery,66
peers,66
reflection,65
pathway,65
cute,65
licking,65
aisle,65
juice,65
participate,65
chewing,65
surfs,65
venue,65
skinny,65
turns,65
teammates,65
pigtails,65
played,65
chocolate,65
touches,65
tiny,64
approaching,64
saying,64
tiled,64
leaf,64
tossing,64
notes,64
repair,64
displays,64
rolled,64
camel,64
numerous,64
word,64
listen,64
stones,64
hind,64
moped,64
speak,64
grabbing,64
olympic,64
shoppers,64
parachute,64
presents,63
adjusting,63
wares,63
flips,63
bowls,63
passenger,63
rollerskating,63
hispanic,63
celebration,63
comes,63
mop,63
quickly,63
binoculars,63
lifts,63
ballerina,63
almost,63
sunlight,63
dough,63
wig,62
toddlers,62
shadows,62
embrace,62
own,62
examine,62
bite,62
spotted,62
supplies,62
logo,62
snowshoes,62
exhibit,62
tour,62
fashioned,62
yarn,62
rod,62
lounge,62
wheelbarrow,62
oven,62
chalkboard,62
shades,61
canvas,61
design,61
alleyway,61
printed,61
horn,61
bagpipes,61
stripe,61
flat,61
sweeps,61
hut,61
environment,61
march,61
tripod,61
silly,61
products,60
medium,60
lacrosse,60
modern,60
movie,60
embracing,60
within,60
score,60
landing,60
pads,60
autumn,60
lecture,60
learning,60
mouths,60
descent,60
crates,59
hills,59
rolls,59
rollerskates,59
cameraman,59
machines,59
company,59
camels,59
lean,59
torch,59
words,59
arcade,59
rack,59
dad,59
frozen,59
eggs,59
makeshift,59
expression,59
chainsaw,59
mini,59
monkey,58
midst,58
valley,58
playfully,58
leotard,58
roll,58
serve,58
chefs,58
turban,58
shakes,58
begins,58
helicopter,58
cheer,58
dusty,58
wheeler,58
dj,58
butterfly,58
trench,57
target,57
farmer,57
stump,57
interacting,57
built,57
notebook,57
swimsuits,57
wires,57
poor,57
teens,57
suspenders,57
underwear,57
decorative,57
semi,57
dives,57
cool,57
hike,57
industrial,57
admiring,57
shower,57
debris,56
owner,56
portrait,56
rear,56
turquoise,56
rice,56
gift,56
link,56
blankets,56
tights,56
bouncing,56
bamboo,56
pine,56
located,56
wrestler,56
scrubs,56
boxer,56
brass,56
pedestrian,56
perched,56
human,56
stomach,56
boards,56
odd,56
newspapers,56
stairway,55
writes,55
cargo,55
hotdog,55
costumed,55
interesting,55
policemen,55
highway,55
tiger,55
nail,55
praying,55
handrail,55
jeep,55
angel,55
businessman,55
bush,55
tricycle,55
knitting,55
scooters,54
bulldozer,54
sledding,54
trolley,54
demonstration,54
mountainside,54
brushes,54
monument,54
aprons,54
give,54
gesture,54
touch,54
artists,54
gazes,54
lounging,54
shaggy,54
stilts,54
pinata,54
stretches,54
strip,54
beads,54
rooftop,54
asians,54
cowboys,54
emergency,54
load,54
colorfully,54
sailboat,54
approaches,54
bin,54
ten,53
mexican,53
burning,53
contraption,53
images,53
cans,53
chat,53
wild,53
suv,53
ducks,53
bathtub,53
contest,53
china,53
motorized,53
farmers,53
axe,53
crosscountry,53
underground,53
photographers,53
motion,53
merchandise,53
figures,53
tackled,53
pumpkin,53
pillar,53
diver,53
blurry,52
cape,52
tired,52
curve,52
places,52
followed,52
chin,52
mower,52
legged,52
homemade,52
fishes,52
attractive,52
packed,52
surgery,52
meet,52
wife,52
strapped,52
double,52
pretending,52
workshop,51
department,51
loaded,51
punching,51
briefcase,51
trip,51
goat,51
heavily,51
entertaining,51
passersby,51
demonstrating,51
cycling,51
jogs,51
lifted,51
asia,51
keep,51
were,51
displayed,51
wrestlers,51
sad,51
splashed,51
crown,51
pay,51
win,51
joy,51
mouse,50
shining,50
aerial,50
information,50
boarding,50
topless,50
sidelines,50
too,50
burgundy,50
jumper,50
beret,50
containing,50
scaffold,50
wash,50
hiding,50
breakdancing,50
bend,50
posters,50
shiny,50
sack,50
will,50
studying,49
tournament,49
laboratory,49
sleeves,49
stringed,49
rings,49
headdress,49
laundromat,49
nets,49
snowball,49
scouts,49
containers,49
french,49
planting,49
warehouse,49
cotton,49
milk,49
yo,49
lime,49
series,49
clearing,49
stretched,49
location,49
merry,49
chopping,48
nun,48
pots,48
fireworks,48
consisting,48
driveway,48
stepping,48
dig,48
british,48
handling,48
shawl,48
sleep,48
snacks,48
adjusts,48
lips,48
egg,48
foods,48
identical,48
stoop,48
pirate,48
vending,48
beverages,48
candle,48
service,48
graduation,48
mountainous,48
elaborate,48
banjo,48
entering,48
call,48
retriever,48
leggings,47
complete,47
framed,47
cellphones,47
statues,47
miniature,47
columns,47
cab,47
bottoms,47
grab,47
trucks,47
kicked,47
brother,47
bib,47
gazing,47
designs,47
tail,47
sailing,47
love,47
speaker,47
hawaiian,47
somewhere,47
support,47
amount,47
plain,47
highchair,47
rifle,47
gesturing,47
picks,47
cheese,46
skills,46
huddle,46
cola,46
morning,46
toothbrush,46
employee,46
cast,46
bystanders,46
nine,46
tuxedo,46
soap,46
snowsuit,46
conductor,46
stuck,46
oranges,46
unusual,46
facial,46
drag,46
science,46
clock,46
menu,46
tackling,46
sideways,46
marked,46
washes,46
squats,46
belongings,46
socializing,46
blood,46
stars,46
guards,46
follow,46
decorations,45
types,45
employees,45
pilot,45
pet,45
whose,45
cows,45
european,45
operates,45
involving,45
daytime,45
projector,45
repairs,45
grabs,45
crayons,45
meadow,45
battle,45
auditorium,45
crashing,45
care,45
flannel,45
supermarket,45
mannequin,45
strike,45
product,45
babies,45
build,45
focus,44
marble,44
draped,44
cloud,44
tarp,44
pattern,44
reception,44
harbor,44
scaling,44
blazer,44
featuring,44
bundled,44
logs,44
bikinis,44
skyline,44
spot,44
coca,44
casting,44
bay,44
booths,44
motorcyclists,44
checked,44
poodle,44
handle,44
amid,44
letters,44
cherry,44
numbered,44
electrical,44
atm,44
dragging,44
process,44
rescue,44
digs,43
upward,43
length,43
dumpster,43
quarterback,43
horizon,43
kiosk,43
mug,43
temple,43
nurse,43
festive,43
whistle,43
characters,43
activity,43
used,43
spotlight,43
tags,43
waterway,43
magazines,43
advertisements,43
bedroom,43
beers,43
staff,43
eyeglasses,43
shape,43
peering,43
relaxes,43
blocking,43
fat,43
university,43
grinds,43
yelling,43
radio,43
digital,43
jockeys,43
blurred,43
victory,43
floats,43
surprised,42
campfire,42
scarves,42
greyhounds,42
bananas,42
handbag,42
visiting,42
signing,42
buried,42
wrap,42
instructor,42
when,42
heading,42
thick,42
hotdogs,42
clowns,42
pictured,42
hydrant,42
browsing,42
skies,42
scissors,42
extended,42
foliage,42
champagne,42
terminal,42
fellow,42
times,42
canal,42
driven,42
sharp,42
lasso,42
handed,42
got,42
canadian,42
ingredients,41
unhappy,41
pauses,41
pushed,41
competitive,41
youths,41
injured,41
pin,41
monitor,41
fields,41
casino,41
enter,41
lion,41
stores,41
bronco,41
finishing,41
muslim,41
earrings,41
spanish,41
than,41
focused,41
doctors,41
afternoon,41
really,41
community,41
transit,41
else,41
lining,41
bra,41
boxers,41
zone,41
overlooks,41
shelf,41
trains,41
upper,41
olive,40
camp,40
jack,40
punch,40
level,40
tablecloth,40
sparks,40
metro,40
mounted,40
crowds,40
main,40
raincoat,40
climbers,40
tutu,40
filming,40
paying,40
roses,40
flowing,40
skull,40
natural,40
clothed,40
chopsticks,40
screaming,40
deer,40
persons,40
celebrate,40
mcdonald,40
maintenance,40
bounce,40
crate,40
passed,40
purchase,40
seagulls,40
surfers,40
sweaters,40
lighted,40
inspects,40
raise,40
earphones,40
sheets,39
aquarium,39
prepared,39
apples,39
paperwork,39
shirted,39
pointed,39
jumpsuits,39
receiving,39
flock,39
asking,39
deli,39
purses,39
sprayed,39
cigarettes,39
sniffing,39
muzzle,39
paintings,39
sorting,39
awning,39
tending,39
buffet,39
sail,39
barefooted,39
stirring,39
potato,39
desks,39
india,39
freshly,38
cheerleader,38
golfer,38
harmonica,38
crops,38
personnel,38
hardwood,38
ticket,38
razor,38
speeds,38
intense,38
waterskiing,38
surgical,38
presenting,38
kayaks,38
recording,38
marker,38
bartender,38
tribal,38
lush,38
themed,38
classic,38
upwards,38
senior,38
rafting,38
twirling,38
icy,38
curtain,38
disc,38
drilling,38
families,38
directly,38
serves,38
dinosaur,37
perhaps,37
dryer,37
commercial,37
boulder,37
establishment,37
dyed,37
warmly,37
riot,37
somebody,37
waiter,37
suburban,37
tying,37
stunts,37
eyed,37
raking,37
lens,37
photographing,37
rickshaw,37
grand,37
canyon,37
peeking,37
draws,37
fashion,37
laid,37
garment,37
begin,37
pipes,37
piles,37
pig,37
bites,37
shoots,37
skaters,37
treat,37
contents,36
workout,36
lanterns,36
pad,36
hurdles,36
wilderness,36
hips,36
bunny,36
monopoly,36
khakis,36
lower,36
backseat,36
cleaner,36
flames,36
completing,36
alcohol,36
find,36
acting,36
rowboat,36
labeled,36
elmo,36
extreme,36
usa,36
sailor,36
apart,36
beginning,36
antique,36
bookstore,36
chips,36
travel,36
much,36
feather,36
pacifier,36
text,36
waitress,36
entertains,36
even,36
mic,36
monk,36
portable,36
feathers,36
caution,36
medieval,36
st,36
newly,36
trim,36
ribbons,36
late,36
strollers,36
protection,36
snake,36
stacked,36
fetch,36
pillows,36
dragon,36
spots,36
america,36
sound,36
striking,36
vacuum,35
bowler,35
snowman,35
awaiting,35
ties,35
pencil,35
badminton,35
asphalt,35
elder,35
stuff,35
hooping,35
mixed,35
muscular,35
exiting,35
bridesmaids,35
vintage,35
nurses,35
aiming,35
mountaintop,35
surround,35
convention,35
muzzled,35
social,35
everyone,35
unknown,35
official,35
helmeted,35
league,35
juggles,35
early,35
belts,35
holiday,35
pony,35
conducting,35
toilet,35
butcher,35
exercising,35
canopy,35
cop,35
system,35
necklaces,35
because,35
bicycling,35
arch,35
terrier,35
sparring,35
pillars,35
cigar,35
reddish,35
pocket,35
whole,35
south,35
sponsored,35
cattle,35
nightclub,35
forested,35
propped,34
cluttered,34
jenga,34
fedora,34
frying,34
aqua,34
last,34
carrier,34
unique,34
monks,34
tosses,34
stretch,34
least,34
monitors,34
redhead,34
fist,34
separate,34
accident,34
foam,34
cookie,34
soft,34
vegetation,34
rocking,34
claus,34
dolls,34
skin,34
news,34
cafeteria,34
cave,34
checkers,34
package,34
experiment,34
stacks,34
elevator,34
thumb,34
texting,34
named,34
nike,34
flaming,34
mechanical,34
cries,34
record,34
mixer,33
racquet,33
fit,33
applies,33
accompanied,33
murky,33
angry,33
illuminated,33
miami,33
paws,33
banana,33
progress,33
sat,33
tips,33
hammock,33
fireplace,33
salon,33
stance,33
tuba,33
gardening,33
say,33
siting,33
state,33
crawling,33
spring,33
jog,33
watermelon,33
dried,33
completely,33
scottish,33
lands,33
fill,33
looked,33
task,33
substance,33
kayaker,33
uphill,33
nails,33
scales,33
may,33
cheerleading,33
countryside,33
sundress,33
halloween,33
riverbank,33
beams,33
watering,33
greenery,33
visor,33
spiderman,33
breaking,33
hunched,33
bakery,33
bracelet,33
special,32
walmart,32
mascot,32
facility,32
licks,32
dotted,32
banners,32
re,32
enclosed,32
nearly,32
goatee,32
parka,32
bungee,32
years,32
stopping,32
cruise,32
served,32
waterfront,32
puppet,32
vacuuming,32
peak,32
steering,32
plank,32
toe,32
scientist,32
finished,32
fatigues,32
excitement,32
batman,32
test,32
braided,32
motorbikes,32
upset,32
turkey,32
ruins,32
swan,32
travels,32
pong,32
lipstick,32
spike,32
fog,32
roadside,32
stair,32
rails,32
trophy,32
picker,32
dribbles,32
serious,32
involved,32
includes,32
carousel,31
sister,31
my,31
harp,31
canoes,31
collecting,31
texas,31
silhouetted,31
ad,31
citizens,31
divers,31
directing,31
lobby,31
opened,31
swords,31
sprinklers,31
overpass,31
earth,31
ping,31
interact,31
tiles,31
fixes,31
harvesting,31
soup,31
distant,31
ordering,31
archway,31
bored,31
utility,31
roadway,31
fell,31
hip,31
viewer,31
collie,31
tomatoes,31
synchronized,31
floors,31
pyramid,31
crazy,31
baked,31
cash,31
horns,31
weird,31
innertube,31
inflated,31
treadmill,31
best,31
quiet,31
jewish,31
ups,31
sprays,31
shelves,31
collection,31
buggy,31
diner,31
mess,31
huddled,30
baton,30
pets,30
organ,30
john,30
ballerinas,30
strikes,30
pickup,30
bundle,30
kickboxing,30
megaphone,30
avoid,30
painter,30
skateboarders,30
boogie,30
wiping,30
spins,30
watermelons,30
fountains,30
companion,30
adorned,30
polish,30
mowing,30
shines,30
rag,30
island,30
inspect,30
piggyback,30
curved,30
incline,30
pop,30
barricade,30
sacks,30
worn,30
mailbox,30
ax,30
varying,30
clarinet,30
peach,30
prayer,30
cityscape,30
scout,30
steam,30
shelter,30
activities,30
those,30
maybe,30
sculpting,30
ridden,30
beat,30
clothesline,30
leashes,29
dunk,29
feeds,29
materials,29
slam,29
english,29
acrobatic,29
cable,29
americans,29
torn,29
heavyset,29
shaves,29
change,29
ancient,29
parent,29
kimono,29
unfinished,29
arrow,29
braids,29
sunbathing,29
posed,29
grills,29
states,29
yawning,29
singers,29
speeding,29
quad,29
character,29
coast,29
oil,29
superman,29
file,29
such,29
opponents,29
nicely,29
hammering,29
east,29
memorial,29
blocked,29
elementary,29
operate,29
barren,29
peer,29
cheeks,29
strolls,29
breakfast,29
engage,29
microscopes,29
easel,29
parasailing,29
political,29
guide,29
napping,29
barn,29
ambulance,29
rush,29
strolling,29
foggy,29
sweatshirts,29
explaining,29
laden,29
woven,29
walked,29
baggy,28
connected,28
zip,28
handlebars,28
bows,28
gliding,28
flour,28
filmed,28
mats,28
deserted,28
weight,28
note,28
walker,28
fetching,28
fully,28
crawls,28
checkout,28
draw,28
javelin,28
massive,28
complex,28
slicing,28
cookies,28
skydiving,28
stay,28
your,28
mime,28
unloading,28
circuit,28
mass,28
jazz,28
gaze,28
renaissance,28
descending,28
headset,28
tow,28
handles,28
sooners,28
armed,28
rollerblader,28
similarly,28
campus,28
parallel,28
patiently,28
fishermen,28
approach,28
vertical,28
picket,28
de,28
phones,28
threw,28
parts,27
bridal,27
clutching,27
typing,27
strings,27
dressing,27
campsite,27
tracksuit,27
sold,27
height,27
chested,27
drying,27
maneuver,27
handheld,27
leader,27
seafood,27
led,27
focusing,27
abandoned,27
hook,27
soil,27
leafy,27
sawing,27
period,27
participants,27
wrapping,27
barking,27
column,27
exploring,27
suite,27
pressure,27
possession,27
dots,27
elbow,27
partner,27
chickens,27
workmen,27
shed,27
railway,27
lip,27
sight,27
crib,27
coke,27
tends,27
me,27
halter,27
major,27
chased,27
demonstrates,27
fuzzy,27
guests,27
sausages,27
coveralls,27
elevated,27
sweatpants,27
ladders,27
cooler,27
shack,27
stirs,27
offering,27
barbecuing,27
preparation,27
automobile,27
wool,27
forms,27
dropping,26
chubby,26
dishwasher,26
award,26
self,26
celebrates,26
xylophone,26
itself,26
wakeboard,26
struggling,26
gifts,26
drop,26
strewn,26
thought,26
thinking,26
scattered,26
register,26
overcoat,26
floppy,26
pie,26
screens,26
legos,26
somewhat,26
rabbits,26
formally,26
padded,26
shave,26
rose,26
princess,26
fleece,26
aboard,26
dilapidated,26
chews,26
robot,26
headgear,26
shaded,26
tulips,26
trimming,26
violins,26
relay,26
cats,26
upright,26
spin,26
flame,26
multi,26
buses,26
rimmed,26
retrieving,26
lantern,26
blower,26
our,26
enclosure,26
measuring,26
sucking,26
backstroke,26
equestrian,26
harnesses,26
cultural,26
smooth,26
pigeon,26
toes,26
vibrant,26
markings,26
packages,26
inline,26
likely,25
attendant,25
excitedly,25
seeds,25
guiding,25
teddy,25
railings,25
split,25
film,25
unison,25
toast,25
random,25
priest,25
apparently,25
tugging,25
bodysuit,25
hung,25
flea,25
wheat,25
stockings,25
spider,25
coconut,25
chisel,25
searching,25
strap,25
mule,25
sumo,25
ipod,25
sheer,25
snowboards,25
trainer,25
films,25
purchasing,25
chains,25
helped,25
everywhere,25
pedals,25
basement,25
wicker,25
wades,25
scratching,25
reflecting,25
dribbling,25
turtle,25
bouncy,25
pitching,25
husband,25
unseen,25
adolescent,25
jar,25
confetti,25
mill,25
lie,25
removing,25
styled,24
entertain,24
pub,24
pans,24
bears,24
monster,24
warming,24
district,24
leopard,24
pride,24
cathedral,24
scale,24
squad,24
residential,24
weeds,24
patrons,24
favorite,24
sari,24
oncoming,24
remote,24
simultaneously,24
hikes,24
cheers,24
baking,24
storage,24
dump,24
earmuffs,24
drivers,24
peaceful,24
metallic,24
cashier,24
devices,24
washer,24
seating,24
stocking,24
balanced,24
tuxedos,24
dolphin,24
trio,24
whiteboard,24
jesus,24
probably,24
flooded,24
thing,24
rusty,24
solo,24
forming,24
teaches,24
creates,24
newlywed,24
winning,24
happening,24
stained,24
delivery,24
roping,24
exotic,24
goers,24
wetsuits,24
panel,24
kites,24
veil,24
pockets,24
weights,24
kiddie,24
sleds,24
mopping,24
floaties,24
pro,24
dozen,24
sipping,24
saddle,24
seagull,24
circus,24
designed,24
tip,24
controls,24
spongebob,24
shake,24
amish,24
snowcapped,23
slot,23
loose,23
milling,23
array,23
exit,23
signal,23
competitors,23
create,23
carpeted,23
mitt,23
grandmother,23
rounds,23
depicting,23
mix,23
architecture,23
seesaw,23
carried,23
exercises,23
cooked,23
barrels,23
dessert,23
extremely,23
spandex,23
dye,23
carved,23
flowery,23
features,23
easter,23
eleven,23
receives,23
pretends,23
bearing,23
punk,23
took,23
puzzle,23
liquor,23
electronics,23
grins,23
wakeboarding,23
winding,23
cartoon,23
hundreds,23
besides,23
defender,23
hear,23
message,23
arranged,23
discuss,23
paintbrush,23
kinds,23
telling,23
strawberry,23
sailboats,23
casts,23
goats,23
tanned,23
pairs,23
destination,23
buttons,23
cannon,23
hopping,23
muzzles,23
curling,23
rubble,23
captured,23
contains,23
competes,23
dominoes,23
hello,23
hauling,23
downward,23
clap,23
sculptures,23
peoples,23
darkened,23
snowstorm,23
sunhat,23
closes,23
ceremonial,23
hate,23
messenger,22
peeks,22
geese,22
noodles,22
woodland,22
views,22
rubs,22
alike,22
pokemon,22
silk,22
travelers,22
port,22
violinist,22
exhibition,22
potatoes,22
tightrope,22
graphic,22
corridor,22
hides,22
attack,22
fork,22
horizontal,22
baseman,22
bronze,22
surroundings,22
feathered,22
docked,22
obscured,22
raining,22
await,22
limb,22
cause,22
hamburgers,22
elephants,22
someones,22
lettering,22
assisting,22
ritual,22
lost,22
cabinet,22
holes,22
rising,22
theme,22
zoo,22
aid,22
reclining,22
wheelchairs,22
ultimate,22
donkeys,22
overlook,22
rafts,22
toss,22
language,22
liberty,22
scantily,22
viewed,22
tickets,22
goofy,22
headscarves,22
technician,22
tackles,22
towed,22
sunshine,22
storm,22
europe,22
sash,22
caricature,22
glider,22
beating,22
topped,22
arabic,22
windbreaker,22
bagpipe,22
salad,22
protect,22
submerged,22
tongs,22
disney,22
vaulting,22
overcast,22
popcorn,22
pedal,22
korean,22
daily,22
sure,22
crash,22
concentrating,22
businessmen,22
competitor,22
lavender,22
cardigan,22
alcoholic,22
cobbled,22
congregate,22
cubicle,22
constructing,22
given,22
dental,22
wrist,22
puffy,22
cycle,22
bale,22
diaper,22
found,22
backward,22
jogger,21
obama,21
awaits,21
artificial,21
artistic,21
breath,21
interested,21
positioned,21
kimonos,21
tubes,21
records,21
masked,21
beyond,21
snowmobile,21
wineglasses,21
playpen,21
twin,21
boston,21
straps,21
sorts,21
angle,21
keeping,21
launch,21
buddhist,21
cabin,21
directs,21
slab,21
skipping,21
chip,21
bowtie,21
year,21
wand,21
closing,21
agility,21
steer,21
wakeboarder,21
keeps,21
ferry,21
swimwear,21
confused,21
engaging,21
resort,21
pretend,21
splits,21
marina,21
ends,21
wielding,21
rounding,21
popping,21
pastries,21
patriotic,21
emerges,21
professor,21
better,21
amused,21
battling,21
exits,21
sniffs,21
smock,21
plow,21
powerpoint,21
headfirst,21
write,21
size,21
rake,21
gowns,21
tomato,21
slopes,21
shady,21
pinned,21
onlooker,21
operation,21
crutches,21
gloved,21
guitarists,21
rugs,21
spatula,21
tagged,21
trays,21
bringing,21
united,21
recently,21
assembled,21
am,21
protester,21
brooms,21
symbols,21
hilly,21
appearing,21
dangling,21
mickey,21
sisters,21
assortment,20
starring,20
pail,20
apparel,20
kitten,20
towels,20
soaked,20
offers,20
rises,20
struggles,20
gum,20
adorable,20
talent,20
juggler,20
starts,20
tricycles,20
streamers,20
parachuting,20
bad,20
vast,20
donations,20
janitor,20
salmon,20
twister,20
hooked,20
brownish,20
exchange,20
culture,20
kilts,20
chew,20
oversized,20
poking,20
important,20
magnifying,20
turtleneck,20
gymnastic,20
lounges,20
organized,20
fighters,20
union,20
eagle,20
concession,20
climbed,20
pancake,20
scope,20
smelling,20
sweep,20
rustic,20
ditch,20
pitbull,20
armor,20
coverings,20
seemingly,20
addresses,20
participates,20
collide,20
interior,20
kitty,20
wigs,20
pumpkins,20
scruffy,20
husky,20
central,20
frowning,20
africans,20
dunes,20
france,20
italian,20
cables,20
elegant,20
saris,20
kneel,20
arched,20
vase,20
shit,20
apparatus,20
bowing,20
attraction,20
blindfolded,20
knitted,20
actors,20
leashed,20
washington,20
rubbing,20
surgeons,20
hawk,20
piled,20
bug,20
tightly,20
grasping,20
shielding,20
sponge,20
villagers,20
snap,20
seashore,20
workman,20
moon,20
hi,20
saxophones,20
capri,20
ankle,20
extends,20
profile,20
rather,20
crystal,20
dangerous,20
combat,20
transport,20
embraces,20
dunking,20
cemetery,20
judges,20
curious,20
ensemble,20
breathing,20
sparklers,20
contemplating,20
guarding,20
welcome,20
defensive,20
poodles,20
snowboarders,20
assembling,20
pain,20
zebra,20
surfboards,20
bounds,20
popsicle,20
powder,20
historic,20
brimmed,20
chiseling,19
hero,19
firing,19
plush,19
soars,19
cloths,19
welds,19
speedo,19
ironing,19
chaps,19
escape,19
overturned,19
seaweed,19
reclines,19
bit,19
frames,19
knives,19
testing,19
hairnet,19
shots,19
currently,19
shield,19
parachutes,19
conveyor,19
patrol,19
delivering,19
shapes,19
sling,19
gay,19
locked,19
playhouse,19
except,19
incoming,19
weapon,19
tutus,19
soaking,19
cinder,19
seattle,19
anvil,19
angels,19
crab,19
orders,19
ridge,19
potted,19
retail,19
kayakers,19
pregnant,19
mechanic,19
washed,19
noses,19
transporting,19
should,19
clause,19
stairwell,19
cockpit,19
focuses,19
accepting,19
mesh,19
rooster,19
index,19
mattress,19
join,19
marsh,19
japan,19
cob,19
fourth,19
baker,19
backhoe,19
letter,19
partly,19
graffitied,19
meter,19
slowly,19
mixes,19
rabbit,19
folder,19
fluorescent,19
mallet,19
latin,19
ripped,19
meats,19
beagle,19
tote,19
cushion,19
studies,19
samples,19
tend,19
scared,19
national,19
scary,19
suitcases,19
starbucks,19
beans,19
skimpy,19
oklahoma,19
boot,19
navigates,19
meditating,19
hairy,19
assorted,19
earbuds,19
contact,19
wineglass,19
disk,19
selection,19
solitary,19
dandelion,19
littered,19
girlfriend,19
intricate,19
butter,19
flipped,18
keys,18
rehearsing,18
walkers,18
owners,18
ford,18
possible,18
poised,18
youngsters,18
wii,18
raw,18
pavilion,18
huts,18
sweat,18
glowing,18
citizen,18
grain,18
undershirt,18
damaged,18
spending,18
any,18
winds,18
challenge,18
crafting,18
dunks,18
struggle,18
mcdonalds,18
bottled,18
billiards,18
ny,18
tilted,18
barriers,18
beaded,18
buys,18
oar,18
mark,18
dentist,18
entertainment,18
ran,18
real,18
segway,18
strumming,18
hamburger,18
zombie,18
emerging,18
canoeing,18
aside,18
burgers,18
expressions,18
proudly,18
pokes,18
structures,18
determined,18
grin,18
lock,18
mascara,18
california,18
darker,18
decorating,18
ascending,18
crest,18
cutoff,18
newsstand,18
instructions,18
schoolgirls,18
mops,18
changing,18
lamps,18
lumber,18
aims,18
judge,18
vocalist,18
circles,18
jug,18
bell,18
limbs,18
grown,18
powered,18
mothers,18
professionals,18
obstacles,18
brothers,18
feed,18
scoop,18
occupied,18
kart,18
fold,18
herd,18
vacation,18
stools,18
minivan,18
nude,18
drawings,18
snaps,18
leotards,18
earring,18
pastry,18
garments,18
mingle,18
western,18
cartwheel,18
lanes,18
symbol,18
grinning,18
jets,18
snowbank,18
poker,18
pulley,18
welder,18
seeing,18
greeting,18
punches,17
tossed,17
banquet,17
gates,17
trousers,17
rise,17
bulls,17
gap,17
addressing,17
fighter,17
carpenter,17
harnessed,17
pretzels,17
bracelets,17
lollipop,17
manual,17
shingles,17
defense,17
bases,17
alligator,17
surgeon,17
doberman,17
tambourine,17
mist,17
merchant,17
installing,17
graying,17
breast,17
shouting,17
descend,17
sleigh,17
taxis,17
flotation,17
beauty,17
newlyweds,17
skeleton,17
wade,17
skillet,17
chicago,17
hopscotch,17
broad,17
isle,17
maker,17
trimmed,17
projected,17
bookbag,17
selecting,17
shields,17
smoothing,17
drumsticks,17
need,17
joggers,17
tunic,17
descends,17
procedure,17
fort,17
bins,17
mature,17
adjust,17
drunk,17
tech,17
wallet,17
captain,17
drops,17
unidentified,17
slung,17
bales,17
kettle,17
passerby,17
squinting,17
hidden,17
admires,17
constructed,17
backpacker,17
rakes,17
woodworking,17
strips,17
save,17
sails,17
greenhouse,17
return,17
extending,17
binder,17
shrubs,17
presses,17
sips,17
beaker,17
ramps,17
blowtorch,17
web,17
posts,17
cellular,17
unit,17
bucked,17
roadwork,17
historical,17
mail,17
oars,17
retrieves,17
visitors,17
chops,17
guides,17
capture,17
revealing,17
stride,17
irish,17
shined,17
attaching,17
active,17
sauna,17
convenience,17
clipboard,17
breakdancer,17
telescopes,17
beater,17
canned,17
sweet,17
dollhouse,17
kit,17
stoplight,17
faced,17
receive,17
sexy,17
convertible,17
growing,16
squirting,16
safe,16
attentively,16
sprints,16
reviewing,16
limo,16
slender,16
enthusiastically,16
weaves,16
windsurfer,16
border,16
concentrates,16
pour,16
exterior,16
leaned,16
participant,16
sweaty,16
flashlight,16
kitchenaid,16
squeezing,16
shrubbery,16
diverse,16
glides,16
bonfire,16
sample,16
attend,16
blown,16
adjacent,16
cakes,16
congregating,16
restaurants,16
function,16
thread,16
slip,16
waring,16
pastel,16
pirates,16
study,16
footbridge,16
dim,16
reporter,16
secured,16
torches,16
coconuts,16
every,16
crowns,16
scratches,16
bee,16
audio,16
paw,16
iced,16
fairy,16
strong,16
taste,16
supported,16
let,16
stationary,16
handicapped,16
warning,16
stethoscope,16
skyscrapers,16
handkerchief,16
loaf,16
enthusiastic,16
wanting,16
marches,16
bounces,16
mariachi,16
gondola,16
wizard,16
matches,16
nothing,16
squares,16
classical,16
steal,16
la,16
partying,16
could,16
deere,16
lid,16
sip,16
choppy,16
fed,16
sites,16
finishes,16
donuts,16
tin,16
growling,16
multicolor,16
hammers,16
ref,16
windowsill,16
eagerly,16
suited,16
pause,16
petals,16
list,16
junk,16
cord,16
once,16
scoring,16
saluting,16
sausage,16
might,16
peaks,16
gated,16
tap,16
quilt,16
visit,16
banks,16
oddly,16
diners,16
shoeshine,16
force,16
assembly,16
blacksmith,16
magic,16
troops,16
bound,16
arrive,16
landed,16
sews,16
folk,16
workbench,16
fencers,16
watercraft,16
trombone,16
waterskier,16
decoration,16
afro,16
quietly,15
fists,15
portion,15
pompoms,15
ridding,15
pigs,15
defending,15
quite,15
fitting,15
roman,15
mannequins,15
bust,15
conditions,15
lizard,15
bone,15
admire,15
procession,15
nuts,15
san,15
backlit,15
blade,15
worked,15
speakers,15
curtains,15
lovers,15
co,15
lighthouse,15
begging,15
seal,15
yet,15
knock,15
folks,15
populated,15
decide,15
rocker,15
hearts,15
frog,15
spiked,15
crayon,15
mossy,15
mainly,15
friendly,15
spar,15
labor,15
leafless,15
hovering,15
drags,15
balconies,15
mustard,15
presumably,15
purchases,15
fires,15
duffel,15
styrofoam,15
glacier,15
butt,15
kept,15
camper,15
pedaling,15
mittens,15
lovely,15
boating,15
laps,15
completes,15
jobs,15
captures,15
cereal,15
drenched,15
stacking,15
tri,15
proud,15
curled,15
homework,15
onesie,15
professionally,15
cowgirl,15
cords,15
region,15
fills,15
pump,15
barely,15
non,15
windsurfing,15
personal,15
warrior,15
croquet,15
boulders,15
hippie,15
weighing,15
sushi,15
wok,15
tasks,15
bangs,15
defenders,15
slices,15
forefront,15
tide,15
mirrored,15
heeled,15
bongo,15
dollar,15
bring,15
taller,15
gig,15
daylight,15
trap,15
patrick,15
performed,15
squirted,15
forrest,15
cupcakes,15
yankees,15
interviewed,15
temporary,15
aircraft,15
pajama,15
again,15
attired,15
diamond,15
marriage,15
latex,15
ollie,15
glancing,15
putt,15
tram,15
tribe,15
referees,15
gazebo,15
retrieve,15
naps,15
haul,15
mount,15
instructing,15
stainless,15
supporting,15
footballer,15
vessel,15
batting,15
protecting,15
handmade,15
medals,15
squirt,15
chinatown,15
galloping,15
won,15
nintendo,15
dart,15
awe,14
photography,14
squirrel,14
paintball,14
blackboard,14
sprinting,14
skyscraper,14
homes,14
glances,14
flowering,14
carve,14
bigger,14
mike,14
scientists,14
heat,14
piercings,14
prop,14
crocs,14
expanse,14
wristband,14
evil,14
berlin,14
strums,14
screams,14
higher,14
twins,14
beijing,14
unicef,14
dumping,14
spreading,14
defend,14
chemistry,14
cliffs,14
spikes,14
stood,14
runway,14
cages,14
metropolitan,14
winner,14
peddling,14
outcropping,14
southeast,14
highly,14
percussion,14
decker,14
famous,14
trotting,14
coral,14
master,14
badge,14
cooling,14
waterside,14
arranging,14
international,14
couches,14
prints,14
ringing,14
picked,14
headdresses,14
operated,14
rocket,14
horizontally,14
interviewing,14
clears,14
weapons,14
windy,14
foil,14
situation,14
cylinder,14
chained,14
forklift,14
era,14
romantic,14
press,14
bandage,14
backpackers,14
muscle,14
pant,14
cameramen,14
mingling,14
dome,14
problem,14
gambling,14
dorm,14
bill,14
storefronts,14
diligently,14
fine,14
projects,14
calling,14
bathed,14
brand,14
question,14
assistance,14
eatery,14
ravine,14
aim,14
gain,14
converses,14
providing,14
ox,14
poverty,14
desolate,14
waling,14
playful,14
learn,14
mustached,14
platter,14
sculptor,14
remove,14
hoping,14
volunteers,14
sees,14
treats,14
vine,14
vault,14
queen,14
bats,14
assist,14
halfway,14
adidas,14
tucked,14
needs,14
indians,14
search,14
scooping,14
planks,14
relaxed,14
watery,14
wonder,14
route,14
lonely,14
stitch,14
cupcake,14
spiral,14
lunges,14
snowing,14
locomotive,14
dozens,14
paneled,14
suds,14
latino,14
cleaned,14
bazaar,14
parlor,14
arab,14
satchel,14
lets,14
puddles,14
karaoke,14
sons,14
tuning,14
lively,14
manhole,14
hoses,14
shrine,14
law,14
lei,14
rushing,14
twenty,14
sandwiches,14
roasting,14
darts,14
breakdances,14
wavy,14
prize,14
grandfather,14
gi,14
returning,14
bicyclers,14
machete,14
advertises,14
clerk,14
technique,14
dreads,14
jars,13
clings,13
trade,13
ukulele,13
crashes,13
patches,13
interviews,13
velvet,13
troupe,13
projection,13
joe,13
walled,13
gently,13
twisting,13
warmers,13
penguin,13
britain,13
texts,13
roped,13
ornament,13
cheered,13
boa,13
sombrero,13
greenish,13
available,13
pitches,13
gorilla,13
takeout,13
pumps,13
menus,13
bathrobe,13
government,13
peeling,13
officials,13
creature,13
bodies,13
sledgehammer,13
nursing,13
harvest,13
teeter,13
sidewalks,13
mane,13
strides,13
bmw,13
escalators,13
accents,13
barbie,13
accessories,13
anticipation,13
parasol,13
mexico,13
gingerbread,13
onlooking,13
robed,13
lockers,13
waffle,13
chunk,13
dolly,13
schoolgirl,13
herding,13
batons,13
lingerie,13
thatched,13
baggage,13
know,13
twelve,13
lego,13
carves,13
letting,13
quartet,13
seniors,13
pierced,13
dustpan,13
mr,13
stroke,13
yamaha,13
otherwise,13
loud,13
sideline,13
sizes,13
bundles,13
hunting,13
fixture,13
videotaping,13
wander,13
pitchers,13
organizing,13
airline,13
bun,13
foundation,13
brochure,13
jackhammer,13
formed,13
cannot,13
rollerskaters,13
maneuvers,13
releasing,13
fingernails,13
enforcement,13
shares,13
aluminum,13
sketch,13
claps,13
christian,13
greens,13
surrounds,13
snorkel,13
campers,13
communicating,13
charcoal,13
ballgame,13
commuters,13
observed,13
sex,13
blossoms,13
weathered,13
recipe,13
soldering,13
tanks,13
hairstyle,13
spiky,13
lowered,13
ninja,13
entertainer,13
somersault,13
plywood,13
crocodile,13
adding,13
acrobatics,13
swampy,13
designer,13
typewriter,13
dummy,13
africa,13
goose,13
crop,13
controlled,13
expensive,13
thomas,13
sparkly,13
wants,13
dumps,13
positions,13
pancakes,13
attentive,13
fliers,13
doorstep,13
litter,13
globe,13
skips,13
bands,13
slow,13
tattered,13
prevent,13
postal,13
bicycler,13
wrong,13
trots,13
handful,13
quick,13
technology,13
sleepy,13
ikea,13
concerned,13
tissue,13
scoops,13
everything,13
heated,13
auto,13
slice,13
season,13
flashing,13
angeles,13
direct,13
breaks,13
shaft,13
summit,13
drain,13
hour,13
donut,13
keyboards,13
clinging,13
fashionable,13
tiara,13
release,13
applied,12
steers,12
creme,12
pointy,12
rearing,12
amazing,12
toned,12
kabobs,12
amplifier,12
adobe,12
returns,12
markers,12
refreshments,12
occurring,12
neatly,12
indigenous,12
physical,12
crack,12
flyer,12
cracked,12
internet,12
hound,12
civilians,12
youngster,12
packing,12
canes,12
pensive,12
wit,12
twirls,12
solid,12
navigating,12
blur,12
colourful,12
herbs,12
grounds,12
statute,12
leave,12
joke,12
contestant,12
taught,12
decorate,12
landmark,12
darkly,12
wraps,12
would,12
dolphins,12
promoting,12
netting,12
arches,12
awkwardly,12
necktie,12
sticker,12
kissed,12
acrobat,12
bearer,12
cleats,12
charging,12
rains,12
surprise,12
related,12
glow,12
sashes,12
insect,12
refreshing,12
started,12
spear,12
grinder,12
competitively,12
solider,12
abstract,12
rig,12
observers,12
today,12
cases,12
backflip,12
hedge,12
islamic,12
amazement,12
misty,12
barks,12
finds,12
victorian,12
wandering,12
collect,12
tinted,12
lesson,12
streaks,12
price,12
already,12
jugs,12
ally,12
questions,12
attendees,12
footprints,12
lobster,12
ascends,12
wipes,12
formations,12
vegas,12
browse,12
session,12
frosting,12
rushes,12
builds,12
dandelions,12
potter,12
sauce,12
tongues,12
totter,12
civilian,12
normal,12
drumming,12
slanted,12
want,12
pre,12
closer,12
backed,12
los,12
compact,12
offer,12
bunk,12
taped,12
portraits,12
oxen,12
canon,12
reflected,12
cue,12
overhang,12
towing,12
flexing,12
areas,12
grouped,12
rectangular,12
pasta,12
bagel,12
rifles,12
continue,12
intimate,12
peppers,12
canada,12
billboards,12
snorkeling,12
crouch,12
blank,12
keeper,12
embankment,12
veterans,12
knits,12
bridesmaid,12
collars,12
responding,12
arrangement,12
torso,12
sparkling,12
duty,12
rainstorm,12
wheeling,12
caged,12
shotgun,12
plugging,12
paddy,12
soaring,12
basketballs,12
must,12
turbans,12
hoods,12
repelling,12
grilled,12
marks,12
potty,12
jamming,12
entertainers,12
royal,12
barricades,12
passionately,12
comfortable,12
boarder,12
necks,12
occasion,12
hijab,12
perfect,12
shading,12
props,12
nyc,12
holing,12
cocktail,12
comic,12
spaghetti,12
trailing,12
skill,12
preschool,12
pamphlet,12
congregation,12
reindeer,12
streetlight,12
bassist,12
frolics,12
hollywood,12
include,12
streetlights,12
puzzled,12
sparkler,12
skilled,11
grimaces,11
italy,11
fairly,11
treks,11
slabs,11
barbed,11
explains,11
separated,11
coal,11
astride,11
straddling,11
sock,11
entertained,11
gras,11
cluster,11
shells,11
painters,11
shocked,11
mardi,11
breed,11
squat,11
lemon,11
stock,11
soapy,11
created,11
seriously,11
removes,11
searches,11
waking,11
broadly,11
strangely,11
navigate,11
recorder,11
guest,11
pressing,11
yells,11
cancer,11
cure,11
trapeze,11
lemons,11
approximately,11
onion,11
yawns,11
quarter,11
assistant,11
seaside,11
panda,11
edges,11
turf,11
fights,11
article,11
dug,11
trumpets,11
lives,11
steaks,11
fathers,11
magenta,11
ballroom,11
wildflowers,11
plowing,11
geometric,11
constructions,11
poncho,11
chats,11
walkie,11
labrador,11
brazil,11
fitness,11
panels,11
pops,11
colonial,11
removed,11
racks,11
talkie,11
faded,11
mushroom,11
ink,11
meals,11
trendy,11
downwards,11
launching,11
ornamental,11
potential,11
hedges,11
poorly,11
bumpy,11
dropped,11
florida,11
drummers,11
surveys,11
vacuums,11
boss,11
desktop,11
knight,11
pug,11
equipped,11
trails,11
marking,11
israeli,11
outer,11
rival,11
shell,11
guarded,11
trouble,11
health,11
grandson,11
examined,11
socialize,11
tussle,11
basin,11
badges,11
countertop,11
turntable,11
signals,11
planter,11
lifeguard,11
assists,11
defends,11
palace,11
fabrics,11
headbands,11
beautifully,11
llama,11
smokey,11
stir,11
lighter,11
intensely,11
seminar,11
vista,11
completed,11
chart,11
arid,11
loads,11
napkin,11
jagged,11
pinstriped,11
explores,11
sales,11
braces,11
sanitation,11
drawer,11
adventure,11
veteran,11
days,11
coolers,11
burger,11
ribs,11
barred,11
vivid,11
reeds,11
sweatsuit,11
express,11
huddles,11
granite,11
bounding,11
joyfully,11
shoeless,11
interview,11
octopus,11
grasps,11
exciting,11
pepper,11
specimen,11
rv,11
oxford,11
lottery,11
hoodies,11
graduate,11
beds,11
slingshot,11
peacock,11
onions,11
pearl,11
locker,11
ceramic,11
cropped,11
able,11
backside,11
comforting,11
uncut,11
medal,11
greet,11
chopped,11
tye,11
ca,11
pineapples,11
bucks,11
emotion,11
toilets,11
flatbed,11
oxygen,11
stylish,11
capes,11
matador,11
id,11
golfing,11
decides,11
creation,11
beak,11
layup,11
leafs,11
violinists,11
hide,11
strawberries,11
fixed,11
launches,11
decals,11
scored,11
suspension,11
steaming,11
hazard,11
entire,11
exhausted,10
pelican,10
browses,10
motions,10
pressed,10
gone,10
emptying,10
fitted,10
architectural,10
proper,10
cycles,10
splitting,10
flash,10
north,10
grate,10
comforter,10
noise,10
conical,10
healthcare,10
chores,10
parasail,10
pumping,10
scientific,10
losing,10
deciding,10
looms,10
county,10
think,10
swung,10
album,10
tablet,10
sketching,10
shadowed,10
mermaid,10
mixture,10
rebound,10
motorboat,10
gymnasts,10
models,10
happiness,10
knocked,10
wields,10
donning,10
melons,10
bake,10
notebooks,10
granddaughter,10
arrows,10
hell,10
pharmacy,10
charity,10
coaches,10
smart,10
instead,10
detector,10
brow,10
ponchos,10
shark,10
utensils,10
cube,10
now,10
vacant,10
source,10
hurt,10
francisco,10
sombreros,10
unload,10
toppings,10
locals,10
padding,10
videotapes,10
holder,10
airways,10
rode,10
grains,10
went,10
attends,10
bowed,10
page,10
curls,10
why,10
capturing,10
pedestal,10
dealer,10
marine,10
brave,10
wake,10
dipping,10
research,10
coastline,10
movement,10
hoe,10
braid,10
grind,10
grasses,10
key,10
entry,10
parading,10
jetty,10
contemplates,10
trekking,10
excavator,10
wrecked,10
exposed,10
flaps,10
shadowy,10
desperately,10
logos,10
slumped,10
upstairs,10
necked,10
cuddling,10
bumper,10
volkswagen,10
media,10
sands,10
manipulating,10
bulldog,10
sheepdog,10
loving,10
florescent,10
based,10
waterfalls,10
squirts,10
freeway,10
grayish,10
beards,10
chief,10
collected,10
pursued,10
sedan,10
rim,10
pasture,10
upcoming,10
mock,10
landscaping,10
treads,10
melting,10
shipping,10
sunrise,10
crime,10
paisley,10
simple,10
camcorder,10
eiffel,10
paving,10
possessions,10
silhouettes,10
overflowing,10
rags,10
crotch,10
infants,10
washers,10
enough,10
evergreen,10
handsome,10
artifacts,10
beachfront,10
safely,10
para,10
salvation,10
scores,10
pullover,10
situated,10
rays,10
aids,10
toyota,10
stony,10
strokes,10
studded,10
upturned,10
restroom,10
scrubbing,10
incense,10
sucks,10
horned,10
stoops,10
dips,10
further,10
obese,10
flood,10
daughters,10
carpentry,10
conversations,10
pleasant,10
enters,10
jewelery,10
traveler,10
needed,10
passage,10
folders,10
layers,10
lettuce,10
reunion,10
wristbands,10
lace,10
bark,10
grip,10
candid,10
assisted,10
trinkets,10
drifting,10
burying,10
comb,10
bonnet,10
forearm,10
muscles,10
missed,10
came,10
blacktop,10
whist,10
peanut,10
puma,10
disposable,10
adolescents,10
add,10
services,10
wars,10
interest,10
symphony,10
flutes,10
subject,10
swans,10
claw,10
uneven,10
raincoats,10
tumbling,10
toboggan,10
bookshelf,10
bluish,10
sponges,10
squarepants,10
martini,10
mates,10
facade,10
clams,10
vietnamese,10
housing,10
documents,10
topic,10
shorter,10
espresso,10
bullhorn,10
wonderful,10
cookout,10
banging,10
less,10
devil,10
distracted,10
sprawled,10
tasting,10
bespectacled,10
patrolling,10
apparent,10
recent,10
pages,10
lemonade,10
peek,10
attacking,10
tunes,10
learns,10
hoisted,10
released,10
recreational,10
operator,10
hurry,10
prays,10
cellist,10
answer,10
surveying,10
troop,10
yong,10
lamb,10
overgrown,10
dachshund,10
wintry,10
tether,10
firetrucks,10
polishing,10
buck,10
fives,10
slalom,10
inner,10
rust,10
prizes,10
bushy,10
hours,10
grimacing,10
pursuit,10
dramatic,10
piercing,10
eyebrows,10
dries,10
